[{"_id":"60b51085777c89381c85bdef","type":"transcript","place":"outsideE","pickup":"Abu Dhabi Campus, Main Building, Registration Office","dropoff":"Dubai Campus, Second Floor, Registration Office, Nb. 302","contactnumber":"0563997538","cost":"30AED","comments":"Please confirm that the package has been sent.","CustomerID":"1072928","DeliveryID":"2000002","DeliveryNb":"0579876543","Status":"Delivered"},{"_id":"60b510cfcb840b18948a4e3b","type":"Transcript","place":"AcrossC","pickup":"Malik Exchange 904, Hamdan Street","dropoff":"Malik Exchange","contactnumber":"+917593096986","cost":"NA","comments":"","CustomerID":"1053284","DeliveryID":"2000002","DeliveryNb":"0579876543","Status":"Delivered"},{"_id":"60b51116cb840b18948a4e3c","type":"Transcript","place":"AcrossC","pickup":"Malik Exchange 904, Hamdan Street","dropoff":"Malaik","contactnumber":"+917593096986","cost":"5AED","comments":"it working","CustomerID":"1076332","DeliveryID":"2000002","DeliveryNb":"0579876543","Status":"Delivered"}]